Date,Real_Rate,Policy_Deviations,Baa_Spread,VIX,Michigan_Sentiment,TR_CAPE_YoY,M2_YoY,Gold_YoY,BankCredit_YoY
1990-01-01,3.78312,0.00137,1.73,17.24,93.0,,,,
1990-02-01,3.89947,0.11772,1.67,24.87,89.5,,,,
1990-03-01,3.80193,0.02018,1.62,21.9,91.3,,,,
1990-04-01,3.93867,0.22868,1.51,22.84,93.9,,,,
1990-05-01,4.00552,0.29553,1.65,18.43,90.6,,,,
1990-06-01,3.5887,-0.1213,1.74,17.09,88.3,,,,
1990-07-01,3.36164,-0.19231,1.73,16.26,88.2,,,,
1990-08-01,3.26737,-0.28658,1.66,21.64,76.4,,,,
1990-09-01,3.34727,-0.20668,1.75,29.58,72.8,,,,
1990-10-01,3.36012,0.21471,2.02,28.06,63.9,,,,
1990-11-01,3.12684,-0.01857,2.23,30.25,66.0,,,,
1990-12-01,2.76085,-0.38456,2.35,22.29,65.5,,,,
1991-01-01,2.48818,-0.46585,2.36,26.62,66.8,-9.358157765801078,3.817733990147776,-5.632695834424939,4.629527868903316
1991-02-01,2.19815,-0.75588,2.22,21.04,70.4,4.154002026342463,3.9412430800201292,-4.058355437665783,4.256921286904514
1991-03-01,2.86655,-0.08748,1.98,20.86,87.7,4.975124378109452,4.131531926898857,-7.586027111574567,4.468694017338448
1991-04-01,2.89075,-0.0973,1.9,17.42,81.8,7.078763708873392,4.0854572713643345,-2.7212754260582783,4.023186988277394
1991-05-01,2.93607,-0.05198,1.79,17.77,78.3,2.9440154440154354,4.449165781415987,-5.229837599779796,3.676591863302625
1991-06-01,3.32071,0.33266,1.68,16.87,82.1,0.3771805752003754,4.300339172915968,-5.524553571428559,3.344580457886992
1991-07-01,3.48355,0.53115,1.62,18.64,82.9,1.3270142180094702,4.081252907427513,-5.5462184873949605,3.0753175142208544
1991-08-01,3.28799,0.33559,1.75,15.47,82.0,13.742842269651234,3.4855027760641644,-7.06299427324788,2.6344928624146613
1991-09-01,3.05481,0.10241,1.86,16.57,83.0,19.20748486516235,3.0817919252750015,-4.079412564590701,2.8436611796252453
1991-10-01,3.09686,0.28264,1.96,14.81,78.3,23.024445707788523,3.0926886141195986,-3.7047431939376874,3.1137930655388057
1991-11-01,2.92725,0.11303,2.03,15.6,69.1,19.644839067702556,3.153926316434741,-0.9463722397476393,3.4603310092205852
1991-12-01,2.68885,-0.12537,2.17,20.18,68.2,15.585106382978719,3.0686472278256494,-3.9866183440200764,3.6249713941506334
1992-01-01,3.01566,0.12536,2.1,18.95,67.5,25.891891891891895,2.8439334489156476,-6.996113270405324,3.9916272933436803
1992-02-01,3.63101,0.74071,1.89,18.2,68.8,12.159533073929962,2.8899984869117823,-7.4371025711915895,3.8076338042804414
1992-03-01,3.69658,0.80628,1.71,16.88,76.0,7.582938388625582,2.4684668412655375,-7.193229901269394,3.376255372607906
1992-04-01,3.64749,0.77707,1.73,16.48,77.2,5.72625698324023,2.019565478333929,-6.951116134501268,3.5610316977396916
1992-05-01,3.49757,0.62715,1.74,16.61,79.2,8.438818565400851,1.663176787316778,-4.124310194597736,3.6552594577526243
1992-06-01,3.52234,0.65192,1.79,14.43,80.4,6.716768435885401,1.238103762045406,1.0632014176018778,3.4835517212282507
1992-07-01,3.11547,0.3267,2.0,13.34,76.6,7.904583723105718,1.1263073209975882,8.896797153024917,3.713039443045929
1992-08-01,3.09105,0.30227,2.06,13.83,76.1,6.0869565217391175,1.3055141579731755,9.125586854460078,4.089236253895612
1992-09-01,3.14245,0.35368,2.2,13.4,75.6,6.9252077562326875,1.651315985573354,11.199319535015583,4.087125615475373
1992-10-01,3.04094,0.22536,2.25,16.31,73.3,5.175600739371533,1.8957769114014589,10.405129699795967,3.6694081136338985
1992-11-01,3.40259,0.58701,2.09,16.67,85.3,8.070500927643787,1.8125092853959357,2.866242038216571,3.43017190382775
1992-12-01,3.38368,0.5681,2.04,12.8,91.0,10.538426138978373,1.556847162090036,5.7491289198606355,3.2774345115293757
1993-01-01,3.1541,0.55806,2.07,13.36,89.3,2.490339201373981,1.1209038211285938,11.582089552238806,2.9388850638311093
1993-02-01,2.68366,0.08762,2.13,12.33,86.6,4.596704249783179,0.4264705882352837,14.486260454002387,3.100988484406897
1993-03-01,2.62154,0.0255,2.17,13.6,85.9,7.841409691629964,0.22914891741825372,17.59878419452887,3.3836970145801004
1993-04-01,2.48401,-0.08603,2.17,13.02,85.6,5.724350506384845,0.34120657705092317,15.97327664743393,3.4512838064697293
1993-05-01,2.63401,0.06396,2.17,12.9,80.3,4.063986165153488,1.1269346201377095,16.358679188124814,3.857536411559259
1993-06-01,2.56095,-0.00909,2.11,13.67,81.5,6.426056338028174,1.4439794895974467,10.25715955581532,4.38423923229474
1993-07-01,2.62572,0.20582,2.12,11.51,77.0,4.551365409622887,1.4172485930640244,3.867102396514155,4.701618561374632
1993-08-01,2.36695,-0.05294,1.92,11.47,77.3,5.30629853321829,1.3798987878074431,3.683785963968811,4.682611425865324
1993-09-01,2.11895,-0.30095,1.98,11.48,77.9,6.260794473229714,1.2286309122364392,-1.7083120856705714,4.479718601069038
1993-10-01,2.2386,-0.27195,1.98,11.83,82.7,8.69947275922669,0.9609206145218652,0.42238648363250864,4.378057666358326
1993-11-01,2.56987,0.05931,1.94,11.78,81.2,5.793991416309008,1.2724354297388052,10.216718266253878,4.444989674199551
1993-12-01,2.62829,0.11773,1.92,13.83,88.2,3.1640299750208323,1.4541419686395995,7.029104887424498,4.644002989538709
1994-01-01,2.81862,0.35864,1.9,12.57,94.3,4.985337243401755,1.6320084232692933,2.8357410379882264,5.107422735908673
1994-02-01,3.18116,0.72117,1.79,10.65,93.2,3.1509121061359835,1.7923561282764622,-1.043569006000522,4.833895816079736
1994-03-01,3.49592,1.03593,1.65,15.83,91.5,-0.4901960784313819,2.004865609520179,-2.1452571723959535,5.402507444751703
1994-04-01,4.26194,1.63997,1.55,23.87,92.6,-2.374010828821327,2.0520036349778614,-1.387797852841044,5.697577939707776
1994-05-01,4.47908,1.8571,1.44,14.11,92.8,-1.9941836310760297,1.5682737350519282,-0.5206977349648478,5.23039946069761
1994-06-01,4.27291,1.65094,1.55,12.72,91.2,-2.026468155500405,1.0777364629328323,3.6310628147362856,5.065421355894806
1994-07-01,4.41097,1.89776,1.5,14.36,89.0,-2.9021558872305064,1.3422428820453192,0.9963293130571538,5.410194509678901
1994-08-01,4.42586,1.91266,1.5,11.17,91.7,-1.8844735764031117,1.1608671677743265,0.5186721991701226,5.503584398306427
1994-09-01,4.4515,1.9383,1.52,11.86,91.5,-2.559934985778134,0.9819825039105501,0.18158236057068677,5.704198378454839
1994-10-01,4.87168,2.27439,1.46,15.44,92.7,-4.001616814874687,0.798449388144773,0.8675078864353258,5.947756568946749
1994-11-01,5.16598,2.56868,1.36,14.84,91.6,-4.624746450304251,0.49278118786202363,-2.1705822267619967,5.892086272417196
1994-12-01,5.21765,2.62035,1.29,16.69,95.1,-6.577885391444727,0.3424953230680705,-1.7188301693175978,6.041118623300701
1995-01-01,4.86738,2.35955,1.3,14.25,97.6,-6.264964086193137,0.503611614722721,0.2341311134235191,6.452393993368721
1995-02-01,4.49842,1.9906,1.38,11.73,95.1,-2.9742765273311877,0.4085507955232215,2.135512786712357,6.589144001317693
1995-03-01,4.23799,1.73016,1.5,11.65,90.3,0.6978653530377743,0.3160828711818553,5.520338087691479,5.882380818933708
1995-04-01,3.90887,1.42816,1.54,13.5,92.5,6.953924914675769,0.514175738948075,7.488050982474781,6.979476219535807
1995-05-01,3.5511,1.07039,1.57,12.14,89.8,8.859686307757531,0.9568007333562445,3.6901334729128488,7.414325356999374
1995-06-01,3.16488,0.68417,1.73,12.21,92.7,10.848459265512878,1.9945394453225962,0.48593350383632217,7.4525377811548665
1995-07-01,3.28064,0.73496,1.76,11.57,94.4,15.243381725021333,2.2705120119259403,1.7393561786085199,7.391622166434808
1995-08-01,3.49827,0.9526,1.7,13.56,96.2,12.150313152400827,2.9635367358062936,-0.5933952528379804,7.644592773798142
1995-09-01,3.21587,0.6702,1.73,11.29,88.9,15.054211843202658,3.327500645420378,-0.699119627136191,7.77910735180225
1995-10-01,2.9348,0.35177,1.71,13.95,90.2,15.957894736842103,3.7051918606319845,0.9382329945269774,7.495637099693253
1995-11-01,2.89587,0.31283,1.75,13.41,88.2,19.09825606125053,3.8053452626749307,0.02610284521011863,7.496791977326245
1995-12-01,2.67778,0.09475,1.78,11.11,91.0,24.190064794816422,4.10452042221201,-0.5220569042025613,7.145827847924857
1996-01-01,2.69403,0.1098,1.82,12.19,89.3,20.98765432098766,4.45252548390791,-1.9205813651700043,6.804822966047808
1996-02-01,2.92418,0.33995,1.82,12.65,88.5,23.363711681855847,4.9256425685549665,-4.749612803304071,7.050129245222547
1996-03-01,3.45574,0.87151,1.76,16.72,93.7,19.690175295556458,5.608547449228052,-11.113892365456813,6.969538390746122
1996-04-01,3.89155,1.04383,1.68,17.9,92.7,16.07499002792183,5.6727251943301304,-14.377470355731226,5.833766248061822
1996-05-01,4.06421,1.21649,1.56,16.07,89.4,14.953271028037385,5.260768401339311,-11.206461383139821,5.467328501574875
1996-06-01,4.24085,1.39314,1.49,16.86,92.4,12.985529322162993,4.891656569641301,-12.31865614660218,5.340071071714592
1996-07-01,4.20581,1.35669,1.48,13.78,94.7,5.150055576139323,4.756965857487239,-12.273539168155134,4.646621356454439
1996-08-01,4.0442,1.19508,1.54,18.76,95.3,7.930007446016374,4.3187517414321475,-11.549441993252007,4.275747763530879
1996-09-01,4.17895,1.32983,1.52,18.47,94.7,6.089162740123233,4.200327586685559,-15.488917861799212,4.3804510283021125
1996-10-01,4.01002,1.04547,1.54,17.05,96.5,9.513435003631088,4.411357724027232,-16.343919442292798,5.1457960791087665
1996-11-01,3.62331,0.65876,1.59,17.89,99.2,12.071428571428577,4.8399127047708435,-15.762004175365341,5.342485913194794
1996-12-01,3.66358,0.69902,1.59,17.93,96.9,9.600000000000009,5.210084033613449,-14.746785620572044,5.4959968396690595
1997-01-01,4.07542,1.18939,1.51,21.14,97.4,13.19493314567206,5.118013103429364,-19.026197406721344,5.678101537793001
1997-02-01,3.92,1.03397,1.52,19.58,99.7,11.450638012088632,5.038505652957559,-21.761517615176153,5.671419382129517
1997-03-01,4.25691,1.37088,1.49,20.89,100.0,11.171662125340598,4.727548889310795,-18.586313714446632,6.322633038910586
1997-04-01,4.27761,1.12446,1.45,20.84,101.4,7.319587628865976,4.84896016442653,-14.166185804962495,6.874158831943888
1997-05-01,4.16455,1.0114,1.49,19.87,103.2,14.634146341463428,4.8414923441880475,-15.889710062535546,7.330942264819362
1997-06-01,4.07162,0.91848,1.53,20.85,104.5,19.00910010111223,4.92948287441235,-10.507982583454279,7.626852796872319
1997-07-01,3.806,0.68621,1.53,21.0,107.1,30.267794221282585,4.998528270584157,-13.001745200698078,8.17558258218638
1997-08-01,4.01084,0.89106,1.52,22.29,104.4,26.698861676440156,5.699786324786338,-14.231220657277,8.249059714857054
1997-09-01,3.98778,0.86799,1.49,24.53,106.0,25.657669969251806,5.853359620610643,-9.626658438753488,8.32509185592427
1997-10-01,3.75182,0.63547,1.54,22.32,105.6,22.6790450928382,5.817960135708233,-12.314814814814811,7.891165046360582
1997-11-01,3.72689,0.61053,1.54,32.09,107.2,15.742511153601036,5.789043766962676,-10.470879801734823,8.317735905455548
1997-12-01,3.53999,0.42363,1.51,26.01,102.1,17.61345604569977,5.612004399518145,-8.925823330255467,8.306774639414073
1998-01-01,3.2754,0.1185,1.65,23.42,106.6,14.485545539322331,5.778959995827471,-3.888888888888886,8.665599613317765
1998-02-01,3.30944,0.15254,1.68,21.36,110.4,17.083458873154566,6.307360320307831,1.0391409767925186,9.047181367227775
1998-03-01,3.39347,0.23657,1.67,19.19,106.5,24.325980392156854,6.554957008184004,-0.6918021445866507,9.235238181808159
1998-04-01,3.50856,0.31608,1.69,23.37,108.7,33.301312840217754,6.7887541913850935,-3.4285714285714253,8.32015207217751
1998-05-01,3.46324,0.27076,1.65,19.34,106.5,21.80851063829785,7.076005348143566,-3.3457249070631856,8.125904199395828
1998-06-01,3.25679,0.06431,1.63,22.83,105.6,16.086094590767487,7.119815668202767,-8.336036328251694,7.793682221019038
1998-07-01,3.22075,-0.11329,1.69,18.0,105.2,15.12036786583717,7.133209307066957,-7.589434971581421,7.4266899057851
1998-08-01,2.8665,-0.46755,1.8,25.98,104.4,7.160359379254033,6.855511194218411,-10.605542251111865,8.187932022899446
1998-09-01,2.45982,-0.87422,2.28,36.48,100.9,1.1691136487221199,7.414864966902424,-12.564015022191855,8.114488459665449
1998-10-01,2.30257,-1.20209,2.65,43.48,97.4,1.189189189189177,7.9052175437717365,-9.644491376275965,8.985029469150984
1998-11-01,2.48808,-1.01658,2.51,27.26,102.7,13.931718061674015,8.264421639932262,-8.408304498269903,9.42861078500059
1998-12-01,2.19673,-1.30793,2.58,24.97,100.5,15.839179708580664,8.497607180936795,5.001689760054084,9.089554862746763
1999-01-01,2.389,-1.07556,2.57,26.17,103.9,21.66711919630737,8.549874266554912,-0.3060183611016787,8.237713045005846
1999-02-01,2.84759,-0.61697,2.39,27.67,108.1,14.66803911477097,8.239379784294076,-1.5769626328419495,7.184662898992333
1999-03-01,3.19748,-0.26707,2.3,28.37,105.7,12.247412518482005,7.73643147072407,0.06966213862764636,6.660256268802178
1999-04-01,2.9771,-0.50283,2.3,22.06,104.6,12.827288013451831,7.758079319839628,-0.4524886877828038,6.746790236041522
1999-05-01,3.45787,-0.02206,2.18,24.15,106.8,13.415817564289178,7.725002401306336,-1.1888111888111785,6.447916034016732
1999-06-01,3.93695,0.45702,2.12,26.62,107.3,12.881190534276655,7.741210774121066,-2.1939136588818298,6.8258972928040285
1999-07-01,3.71507,0.11279,2.16,19.69,106.0,12.805451127819545,7.888101241733647,-5.463096960926183,6.804953395393865
1999-08-01,4.04345,0.44117,2.21,25.59,104.5,16.539634146341452,7.661929198098716,-1.990049751243772,6.227455477417165
1999-09-01,3.85341,0.25113,2.28,22.93,107.2,21.338349905939257,7.055322539072573,0.23428348301444135,6.294702174848732
1999-10-01,3.98844,0.17898,2.27,24.93,103.2,18.215811965811966,6.611109821490757,3.1164783794312534,5.753652295606293
1999-11-01,3.9705,0.16105,2.12,22.09,107.2,13.798936684388586,6.101320572401403,17.37816395919909,5.248893605582627
1999-12-01,4.39859,0.58913,1.91,22.23,105.4,12.066154204518975,6.026602066002362,-5.632442870936593,6.265826464893376
2000-01-01,4.55294,0.86402,1.67,24.21,112.0,6.203972327605456,6.009538950715432,-3.4447476125511467,6.882620773566406
2000-02-01,4.35599,0.66708,1.77,23.45,111.3,2.8052064631956863,5.763929685028679,-0.9752699407871823,7.635206121505811
2000-03-01,3.81265,0.12373,2.11,21.64,107.1,2.9198682766191197,6.296530253124555,4.385659589279478,8.276913986498968
2000-04-01,3.72114,-0.15711,2.41,24.03,109.2,0.40451351926760193,6.86779934549695,0.13986013986013734,8.901569441678859
2000-05-01,4.0604,0.18214,2.46,25.88,110.7,-2.8663101604278096,6.009674327366743,-1.0261854210898869,9.827127891999353
2000-06-01,3.55187,-0.32638,2.38,22.36,106.4,-0.043224551545284484,5.8917480035492575,-0.4341534008682979,9.93012131958897
2000-07-01,3.56553,-0.13652,2.3,19.83,108.3,-3.832534888564876,5.642280724963622,9.337925755836185,10.351044887598636
2000-08-01,3.23553,-0.46652,2.43,20.55,107.3,0.8066274253324623,5.860258747556402,9.957048028114013,10.350245827748772
2000-09-01,3.26907,-0.43298,2.55,17.53,106.8,0.0,6.2707932060934946,6.93416439423451,10.102299587237894
2000-10-01,3.21333,-0.49028,2.6,21.23,105.8,-4.247627654767272,6.068325821412235,3.4000755572346053,9.118903486229012
2000-11-01,3.08547,-0.61814,2.56,24.28,107.6,-11.424930983223614,5.876230539051996,-13.099452848406823,8.522876306900272
2000-12-01,2.66585,-1.03776,2.78,27.48,98.4,-16.732488048222816,6.216455068652582,-9.276944065484305,8.019126525473673
2001-01-01,2.59447,-0.94821,2.77,29.99,94.7,-16.558100441269175,6.658668266346712,-4.097492052278351,7.969616205230912
2001-02-01,2.31293,-1.22975,2.77,21.66,90.6,-16.044531761624103,7.182379456942067,-6.612733028491036,7.49514828713429
2001-03-01,2.27889,-1.26379,2.95,28.08,91.5,-26.02389078498294,7.708470403463719,-12.670890296765592,6.469750766019056
2001-04-01,2.47777,-1.01582,2.93,31.21,88.4,-26.84478371501272,7.789756281723226,-8.17039106145251,5.905226140666708
2001-05-01,2.84434,-0.64925,2.68,24.2,92.0,-19.577185641929074,8.024055344113389,-6.864497676081516,5.252094961547127
2001-06-01,2.57431,-0.91928,2.69,21.59,92.6,-23.394594594594597,8.519775431540122,-1.017441860465118,4.348685275217301
2001-07-01,2.54028,-0.61481,2.73,18.76,92.4,-25.384448776261635,8.742929893765773,-5.425271263563181,3.609747324594781
2001-08-01,2.33119,-0.82389,2.88,20.56,91.5,-27.270761245674734,8.805892727461352,-5.007102272727282,3.0340443506757797
2001-09-01,2.09698,-1.0581,3.3,25.85,81.8,-34.374307862679956,10.298024838835907,-0.7650273224043769,4.173400698556318
2001-10-01,1.9413,-1.1903,3.34,32.32,82.7,-27.77253421425201,9.701523176089012,3.54402630617463,3.83210626106516
2001-11-01,1.91925,-1.21235,3.16,32.31,83.9,-22.944138096379763,10.340378471368883,4.851851851851863,4.116808296900909
2001-12-01,2.30768,-0.82393,2.96,25.77,88.8,-18.422366450324525,10.410536355703481,3.8345864661654128,4.109767287824417
2002-01-01,2.42989,-0.64031,2.83,22.71,93.0,-18.282548476454284,9.695886228507167,1.6206261510128828,2.9442100203841637
2002-02-01,2.36119,-0.709,2.98,21.12,90.7,-18.928757150286014,9.433736620756994,6.026365348399243,3.0854826859780804
2002-03-01,2.84362,-0.22658,2.83,19.96,95.7,-6.343713956170715,8.419870342272763,12.829324169530354,3.1719417773628855
2002-04-01,2.72486,-0.33708,2.82,18.73,93.0,-9.85507246376811,7.065301992528017,11.825095057034218,2.930181655953934
2002-05-01,2.62357,-0.43836,2.93,20.06,96.9,-17.387732749178532,7.614894983746323,16.199616122840688,2.638535013877852
2002-06-01,2.67194,-0.39,3.02,23.37,92.4,-20.06773920406435,7.204215972047945,15.455212922173288,3.296856792095859
2002-07-01,2.45043,-0.48614,3.25,27.11,88.1,-26.879535558780844,7.408544777551729,18.874907475943736,3.801111251451239
2002-08-01,1.90328,-1.03329,3.32,36.95,87.6,-24.650609574784422,7.523026754896156,17.12149532710281,5.045828067815661
2002-09-01,1.62521,-1.31136,3.53,39.97,86.1,-18.89976375295308,5.736373312419474,13.913362701908971,4.546846426126283
2002-10-01,1.75217,-0.92997,3.79,34.12,80.6,-22.86834367853643,6.79640718562875,12.597035991531413,6.673856297150693
2002-11-01,2.0298,-0.65234,3.57,29.3,84.2,-21.87305538270069,6.876774876106695,11.833274461321096,7.269704386208242
2002-12-01,2.06609,-0.61604,3.42,27.46,86.7,-23.929008567931454,6.227139890087674,15.532223026792202,7.725374682290642
2003-01-01,2.08922,-0.48252,3.3,25.39,82.4,-24.03697996918337,6.430938821849064,20.29720913374411,8.44324725013652
2003-02-01,2.10201,-0.46973,3.16,31.02,79.9,-26.71584348941629,6.520472096750685,26.785079928952026,8.987383932343684
2003-03-01,2.06581,-0.50592,3.14,30.43,77.6,-29.279556650246295,6.65915452001018,21.48900169204737,9.270129490498835
2003-04-01,2.48399,-0.08531,2.89,28.36,86.0,-22.218649517684884,7.331479563091792,15.810948656919411,10.014063123193417
2003-05-01,2.04368,-0.52561,2.81,21.59,92.1,-15.644680145840251,7.904494890114866,8.42418235877107,11.079057824821682
2003-06-01,1.85787,-0.71143,2.86,20.85,89.7,-5.36723163841808,8.083190780588811,13.10015898251191,11.31036004370527
2003-07-01,2.45769,-0.28888,2.64,19.46,90.9,6.550218340611358,8.098352453450563,10.95890410958904,11.54169190007719
2003-08-01,3.14178,0.39521,2.56,20.75,89.3,5.011838989739537,8.316188989784346,12.03319502074689,10.332084435373812
2003-09-01,3.01543,0.26886,2.52,19.02,87.7,13.441531419059505,7.371302428256055,15.952304221720915,9.026972806379717
2003-10-01,2.98452,0.24287,2.44,21.07,89.6,17.492587886488774,6.360386879730862,18.77154497022877,6.864706407981513
2003-11-01,3.20568,0.46403,2.36,16.55,93.7,11.628833134209483,5.5138758639852625,19.67782691092861,6.15536317828802
2003-12-01,3.17682,0.43517,2.33,16.77,92.6,15.768302493966214,5.095596504887956,22.18740206831713,6.092598108461855
2004-01-01,3.00655,0.34723,2.29,18.22,103.8,21.217038539553744,4.643600640022005,22.62729737872855,6.350786622753302
2004-02-01,2.83325,0.17393,2.19,17.11,94.4,30.722100656455133,4.676492715956493,15.942841131969754,7.130196387325305
2004-03-01,2.27156,-0.38776,2.28,14.44,95.8,26.425772747061394,4.93132944825001,12.785515320334252,7.9385098443618185
2004-04-01,2.58377,-0.05813,2.11,16.65,94.2,20.132286068623383,4.96808168379701,19.40692894891367,8.032653563924686
2004-05-01,3.00927,0.36737,2.03,16.62,90.2,9.941060903732811,5.203252032520322,22.882388787324803,7.406282577967738
2004-06-01,2.86472,0.22282,2.05,16.3,95.6,6.417910447761188,4.593162734906042,7.899915659263423,7.260686147437068
2004-07-01,2.74199,0.18361,2.12,15.2,96.7,3.427719821162456,3.9987436770588802,10.1010101010101,7.0322728419828895
2004-08-01,2.57545,0.01708,2.18,15.37,95.9,2.1796317173994773,3.448332323612724,13.418803418803416,7.543438620075893
2004-09-01,2.1682,-0.39017,2.14,14.91,94.2,1.724137931034475,4.480336847645527,11.311839911061705,8.697601512123088
2004-10-01,2.08969,-0.53177,2.11,12.75,91.7,-1.0454217736121096,5.101973575829466,6.939313984168871,9.840915777733672
2004-11-01,1.97351,-0.64795,2.01,16.27,92.8,1.9621833749553952,5.444640123771749,10.979150171549223,10.042661119967256
2004-12-01,1.96429,-0.65716,1.92,12.97,97.1,1.8415566365531433,5.7737899242673585,12.695562964862784,10.10372326944311
2005-01-01,1.95895,-0.77287,1.8,14.08,95.5,-3.915662650602403,5.7347670250896154,8.624078624078635,11.599700661133937
2005-02-01,1.86112,-0.8707,1.65,12.03,94.1,-3.3478406427854046,5.181397932014575,2.4649589173513675,11.055220556433998
2005-03-01,2.14706,-0.58476,1.56,12.04,92.6,-2.100550964187331,4.715816823644037,4.569029389972834,10.819971775263282
2005-04-01,2.145,-0.41755,1.71,14.09,87.7,-5.609084652443219,4.2409382007065455,6.786328989427104,10.3700560001583
2005-05-01,1.94836,-0.6142,1.87,15.12,86.9,-1.0364546104360217,3.2393760257493076,6.422018348623837,10.737493972023326
2005-06-01,1.96541,-0.59714,1.86,12.36,96.0,-1.33239831697054,3.722463802742859,9.927045336112549,10.532109612239292
2005-07-01,2.09667,-0.42088,1.77,11.4,96.5,2.1974063400576282,4.011889434616056,9.76044852191642,11.489775935621438
2005-08-01,2.12694,-0.39061,1.7,12.08,89.1,3.604266274365586,4.093132211652617,6.631499623210235,11.872505446914206
2005-09-01,2.27595,-0.2416,1.83,13.15,76.9,0.10818608005769281,4.0615210238811095,9.338327091136067,11.395423375360592
2005-10-01,2.38825,-0.17987,1.84,12.46,74.2,-2.2222222222222254,4.1411307387263285,12.533925487293374,11.396239981551016
2005-11-01,2.422,-0.14612,1.85,14.85,81.6,-2.099370188943306,3.9694060719581703,11.74791914387634,10.98077831500326
2005-12-01,2.3552,-0.21292,1.85,11.24,91.5,-2.6612077789150423,4.098245832490233,8.488848429676832,10.936984157441977
2006-01-01,2.30945,-0.39978,1.82,11.14,91.2,-0.5572971090212486,4.654019592598346,15.381135489708209,9.657360880111243
2006-02-01,2.46368,-0.24555,1.7,12.36,86.7,-1.939729823346037,4.904412107282052,29.693396226415093,9.394100531610938
2006-03-01,2.62105,-0.08818,1.69,11.54,88.9,-0.10552233556102575,4.979529805843308,31.081719414265475,8.94669556359975
2006-04-01,2.6923,0.00928,1.69,11.57,87.4,2.8071454611738877,5.338904363973995,28.275385678102705,9.845702606625562
2006-05-01,2.66611,-0.0169,1.64,12.54,79.1,-0.10834236186348933,5.165761205087049,42.28797763280523,10.082944300090446
2006-06-01,2.46793,-0.21509,1.67,14.52,84.9,-5.152807391613356,5.225897601277674,60.08532827684285,10.102384868944903
2006-07-01,2.4021,-0.11484,1.67,13.05,84.7,-6.133239337328167,5.351712334000647,38.42581843510566,9.299369865553576
2006-08-01,2.04559,-0.47135,1.71,15.05,82.0,-4.08235711750089,5.303732988671794,49.28150765606598,9.09749155177173
2006-09-01,1.78905,-0.72789,1.71,11.96,85.4,-0.36023054755043304,5.178282377501775,44.46220598310118,8.740913792895677
2006-10-01,1.95772,-0.59289,1.69,12.57,93.6,6.631892697466468,5.386734094911261,31.15544836658628,10.504728290586197
2006-11-01,1.98272,-0.56789,1.6,11.51,92.1,3.752680486061477,5.655476819601257,24.664822302617573,10.852795414769245
2006-12-01,1.94659,-0.60402,1.66,11.66,91.7,3.0844724851033956,5.86722488038276,31.697084119991594,10.860883234070373
2007-01-01,2.10252,-0.46142,1.58,12.04,96.9,2.732049036777573,5.767944965306149,23.465987061360494,10.747306093014153
2007-02-01,2.00143,-0.56251,1.56,10.31,91.3,3.9915224302366825,5.621104679565958,14.784506273867981,10.636584469981948
2007-03-01,2.05486,-0.50908,1.71,15.82,88.4,-0.4929577464788615,5.8940837580323535,19.783783783783782,9.313952310516216
2007-04-01,2.27447,-0.21422,1.7,14.53,87.1,3.0851063829787195,6.375789628323791,17.55519655358104,8.692265897350392
2007-05-01,2.48223,-0.00646,1.64,13.51,88.3,7.302964569775838,6.472064456478677,11.24938595054854,8.091634283583904
2007-06-01,2.91836,0.42966,1.6,12.78,85.3,10.640689396777825,6.363012798995937,-1.2585134734971914,8.442461393160228
2007-07-01,2.8318,0.32549,1.65,15.4,90.4,10.852422080360501,6.166320950405435,9.946326735994626,8.76240682278111
2007-08-01,2.58151,0.0752,1.98,23.67,83.4,4.219096965210967,6.783821639495757,4.986586712955643,9.411526760512778
2007-09-01,2.41865,-0.08766,2.07,22.78,83.4,4.049168474331166,6.6262980755400935,5.184950995889981,10.684942728844193
2007-10-01,2.37345,-0.23414,1.95,17.84,80.9,2.795248078266943,6.089688660382753,19.14075560013373,9.540591105000873
2007-11-01,1.81121,-0.79637,2.25,23.21,76.1,-4.547020323802964,5.915452930728238,28.815295322635738,9.8894740029561
2007-12-01,1.66463,-0.94295,2.55,23.61,75.5,-4.930295817749064,5.70306762329813,28.432621854093654,9.34996579331202
2008-01-01,1.26109,-1.05696,2.8,23.17,78.4,-11.728605523354918,5.609327807824682,27.532550015878066,8.97914987637134
2008-02-01,1.44292,-0.87513,3.08,24.02,70.8,-13.960597826086962,6.582008802175299,40.93789607097591,8.923531753387515
2008-03-01,1.12148,-1.19658,3.38,26.28,69.5,-13.729653220099092,7.000069749598947,38.73345367027679,10.091774432732503
2008-04-01,1.38533,-0.92517,3.29,22.68,62.6,-13.31269349845201,6.515674630575896,47.86990380210718,9.402065653498015
2008-05-01,1.55778,-0.75272,3.05,18.88,59.8,-13.814016172506749,6.486650401797411,33.89755666764793,8.833720892960795
2008-06-01,1.70827,-0.60223,2.97,19.83,56.4,-17.98171351168304,6.2581468421124775,33.25835957414907,7.8668676323082165
2008-07-01,1.54669,-0.49341,3.15,23.65,61.2,-23.44173441734416,6.45579997267387,35.69794050343249,6.939235284847478
2008-08-01,1.39188,-0.64822,3.26,22.57,63.0,-17.755681818181824,5.557734175332318,41.259582143393956,5.461886278983674
2008-09-01,1.25138,-0.78872,3.62,21.99,70.3,-23.384294649061854,6.196970310118299,26.089570183348364,5.612677492290907
2008-10-01,1.58864,0.44443,5.07,39.81,57.6,-39.59891230455474,7.362285283506553,16.444506805107316,8.947471469607372
2008-11-01,1.51411,0.3699,5.68,53.68,55.3,-40.16600505232769,7.694062089135745,6.891068115557908,6.8702389359256655
2008-12-01,0.65754,-0.48667,6.01,68.51,60.1,-40.16452074391989,9.630955880388026,-5.630658563809998,5.334932229898293
2009-01-01,0.84765,0.01932,5.62,39.19,61.2,-36.075704905368866,10.263640958791132,1.6060756972111623,5.1598838240778155
2009-02-01,1.06902,0.24069,5.21,45.52,56.3,-39.084090011843664,9.407958759632852,-3.4734712230215847,4.883208228662639
2009-03-01,1.03239,0.20406,5.6,52.65,57.3,-40.15586546349466,9.339921515455728,2.2660739455708567,3.9745402629927984
2009-04-01,0.99767,0.11616,5.46,42.28,65.1,-34.76190476190476,8.798361165854152,-4.553903345724908,3.4030796634711535
2009-05-01,1.44387,0.56236,4.77,35.3,68.7,-31.23534010946051,9.371561711216092,-2.1435638122457967,3.9462406467908107
2009-06-01,2.00803,1.12651,3.78,30.04,70.8,-25.516102394715112,9.236589964102171,4.489704062113198,3.827370350380721
2009-07-01,2.0329,1.14561,3.53,26.22,66.0,-18.539823008849567,8.628633767567218,6.318156267566044,3.122596820147261
2009-08-01,2.15603,1.26875,2.99,25.56,65.7,-13.730569948186522,8.419056891405429,-0.5958714620131866,2.682626752718842
2009-09-01,1.92016,1.03288,2.91,29.15,73.5,-5.57823129251701,7.482820379285382,13.158522050059585,0.22115843151795378
2009-10-01,1.67727,0.52055,2.9,28.27,70.6,20.54023635340463,6.42985216857046,20.08675744065551,-4.705947946449774
2009-11-01,1.68576,0.52904,2.92,29.78,67.4,32.328106151990376,6.104169521507852,29.333002727498148,-3.1257327511612254
2009-12-01,1.76633,0.60961,2.78,21.92,72.5,34.54871488344293,3.7477148080438782,48.11407543698252,-2.779364185290334
2010-01-01,2.21766,1.2062,2.52,20.04,74.4,37.40181268882174,2.275194827128635,39.03933341502268,-3.622324099630403
2010-02-01,2.34055,1.32908,2.65,22.59,73.6,43.03305249513934,2.500120198086453,30.19680913008034,-4.598744783590847
2010-03-01,2.57079,1.55933,2.54,19.26,73.6,59.49280328992461,1.6335388174132826,16.136556403731973,-3.6983759907158853
2010-04-01,2.88249,1.86447,2.4,17.47,72.2,46.89781021897807,1.9508067783683414,20.447906523855885,0.24603319725773343
2010-05-01,2.47986,1.46184,2.63,20.19,73.6,28.936895963615683,1.8912361678205647,29.038418332958884,-0.8282152084849281
2010-06-01,2.2498,1.23178,3.03,35.54,76.0,21.17516629711751,1.9965719014126027,29.808313590351077,-1.0673175272385538
2010-07-01,2.05225,1.12186,3.0,32.86,67.8,18.250950570342205,2.0794442212717756,30.36903880723274,-0.035352472009475555
2010-08-01,1.7829,0.85251,2.96,22.01,68.9,9.509509509509506,2.657355877730927,27.70284735602655,0.8120419840706994
2010-09-01,1.83561,0.90522,3.01,23.89,68.2,8.309317963496632,3.038360632489545,28.05982725932168,1.6647874382873074
2010-10-01,1.93728,1.02856,3.18,22.5,67.7,9.663865546218474,3.3058045970240757,27.533614288581166,2.7299698876352974
2010-11-01,2.08794,1.17922,3.16,21.83,71.6,9.343664539653584,3.193500287649842,28.64263803680982,2.222540445324883
2010-12-01,2.62811,1.71938,2.81,21.36,74.5,9.951132829853382,3.6464023494860553,21.552795031055915,2.275361393489095
2011-01-01,2.40647,1.64262,2.7,17.61,74.2,11.609498680738795,4.331210191082802,22.552216444875285,2.724563586930495
2011-02-01,2.45555,1.69171,2.57,17.63,77.5,17.489805165382876,4.4725362352830755,21.32379248658318,3.0534815921396286
2011-03-01,2.20021,1.43637,2.62,21.01,67.5,8.59475719810916,5.200793082816135,25.314953441665146,2.4196857436556973
2011-04-01,2.14446,1.22395,2.56,17.4,69.8,5.714285714285716,5.555750371123658,27.908021198239474,-0.9906214974571892
2011-05-01,1.7159,0.79539,2.61,15.99,74.3,12.081128747795432,5.7310118128071075,28.30155828327674,-0.45848299253750113
2011-06-01,1.41632,0.49581,2.75,18.3,71.5,11.43641354071363,6.3545964489360784,25.302804048448646,-0.04538567053299358
2011-07-01,1.25852,0.49274,2.76,15.87,63.7,14.469453376205799,8.089307622861664,23.992213480412026,-0.18213826554610568
2011-08-01,0.33484,-0.43094,3.06,23.66,55.8,0.959780621572226,9.63260514260722,31.835708298407383,-0.03520811865644902
2011-09-01,-0.00772,-0.7735,3.29,31.82,59.5,-3.725055432372504,9.478259872231586,44.41519986839941,0.23729336563411696
2011-10-01,0.04208,-0.83929,3.22,45.45,60.8,-5.449127288207734,9.230558691710279,39.40991345397327,0.4656121204577035
2011-11-01,-0.1282,-1.00957,3.13,34.77,63.7,-6.544393497290524,9.562763815093355,24.083457526080476,0.8141700247779715
2011-12-01,-0.29666,-1.17803,3.27,27.41,69.9,-8.606060606060606,9.68502419839281,26.943572523541846,1.3957808439617247
2012-01-01,-0.30735,-1.31746,3.26,22.97,75.0,-7.840819542947197,10.234929679374115,18.81921472745578,2.5579628524624587
2012-02-01,-0.18982,-1.19993,3.17,18.55,75.3,-7.327419976860772,10.02581658996522,22.095252138012377,4.010889334752554
2012-03-01,-0.07834,-1.08845,3.06,17.26,76.2,-3.7593984962405957,9.804839968774392,26.946892984628825,4.3345353226393435
2012-04-01,-0.26443,-1.13998,3.14,15.64,76.4,-5.9146102624363595,9.6274805102764,17.542134831460675,4.5550055773752485
2012-05-01,-0.45226,-1.32781,3.27,16.6,79.3,-9.126671911880413,9.231326968921305,11.962274392726279,4.9234114413555075
2012-06-01,-0.57229,-1.44784,3.4,26.66,73.2,-6.937602627257789,9.113297808580413,4.972192796610164,5.140057716644164
2012-07-01,-0.57996,-1.28496,3.34,16.8,72.3,-7.02247191011236,7.784809448852625,4.448223981160471,5.422518450170477
2012-08-01,-0.25525,-0.96026,3.23,18.96,74.3,6.97148030783159,6.417780390757044,1.341556459816906,5.3416619017764955
2012-09-01,-0.28824,-0.99325,3.12,17.98,78.3,10.732381391064028,7.032780530732419,-7.39264153092607,5.467183097051187
2012-10-01,-0.24465,-0.91089,2.83,16.32,82.6,7.248986942818547,7.357409089485367,-1.5463626615497494,5.201533598764541
2012-11-01,-0.30285,-0.9691,2.86,16.69,82.7,2.899197145405874,7.497559658559894,4.912322844102812,5.332723234384051
2012-12-01,-0.17969,-0.84594,2.91,16.64,72.9,3.7135278514588865,8.235683138032934,-1.0293271995399755,5.698922170898757
2013-01-01,0.0002,-0.77506,2.82,14.68,73.8,3.4202650705429605,7.662171170709198,2.190885432427536,5.16873721759763
2013-02-01,-0.00874,-0.784,2.87,12.9,77.6,1.4148980441115233,7.288159800861016,0.8997041241471049,4.253577515336615
2013-03-01,0.07098,-0.70428,2.89,15.36,78.6,1.891447368421062,7.380512278848683,-6.599334328015605,3.994295638041656
2013-04-01,0.04444,-0.60155,2.83,13.58,76.4,3.9966694421315507,7.076910644659495,-4.833313418568519,4.195414303762135
2013-05-01,0.28445,-0.36154,2.8,14.49,84.5,12.03463203463202,6.956652921653439,-9.999393976122661,3.8370998101679987
2013-06-01,0.6769,0.03091,2.89,16.28,84.1,11.821790913101005,6.784180565265152,-10.848312835067798,3.7207267188134274
2013-07-01,0.87978,0.11149,2.74,16.37,85.1,12.127751402675857,6.6145424560636545,-15.926598609632359,3.1179929103172466
2013-08-01,0.95789,0.1896,2.68,12.94,82.1,9.31019889970377,6.444102442681832,-19.27348014304536,2.6190889725670186
2013-09-01,1.05806,0.28977,2.66,16.61,77.5,7.820299500831962,6.199714190630923,-17.15252152521526,2.3965235327150447
2013-10-01,0.93316,0.07984,2.69,15.54,73.2,10.663308144416451,6.723849535146087,-22.682717110920038,2.537391359940888
2013-11-01,0.97833,0.12501,2.66,13.28,75.1,18.118768964022536,6.096524275971338,-24.659416141957635,2.267218141480254
2013-12-01,1.15914,0.30583,2.48,14.23,82.5,17.13554987212276,5.474299243870773,-25.872988205217595,2.088279850603336
2014-01-01,1.25297,0.66659,2.33,14.23,81.2,13.55932203389829,5.906111873190056,-27.426710097719862,2.1346226119266953
2014-02-01,1.15519,0.56882,2.39,21.44,81.6,11.48953631514158,6.338550482094973,-25.505685218432085,2.8261877064270857
2014-03-01,1.07434,0.48797,2.34,16.0,80.0,11.259079903147695,6.111851998978524,-20.066355369869736,3.557603926466446
2014-04-01,0.88894,0.03156,2.19,13.1,84.1,9.567654123298631,6.26014112674993,-16.121539330780344,3.3913884508141257
2014-05-01,0.61447,-0.24291,2.2,13.25,81.9,6.414219474497673,6.523926391905732,-12.531142683994334,4.005379609414206
2014-06-01,0.67714,-0.18025,2.2,11.58,82.5,11.282051282051286,6.466335587291794,-8.914043155288287,4.592485753997977
2014-07-01,0.69504,-0.26916,2.19,11.15,81.8,9.661277906081601,6.587149979033691,-4.715435041716343,5.387642124302583
2014-08-01,0.6836,-0.2806,2.27,17.03,82.5,9.407665505226493,6.236561132942819,1.8885521100489688,6.0273303513236565
2014-09-01,0.78905,-0.17515,2.27,12.25,84.6,10.262345679012341,6.024884792626728,-3.7933338282235884,6.455006051741652
2014-10-01,0.48237,-0.37611,2.39,16.71,86.9,5.23520485584219,5.4974394488892075,-8.155397390272833,6.409642543848459
2014-11-01,0.58841,-0.27008,2.46,14.73,88.8,7.596330275229368,5.784446730827031,-7.118978878589887,6.643699047796137
2014-12-01,0.58758,-0.2709,2.53,14.29,93.6,7.423580786026207,5.920635782689776,-7.7990280608245754,7.2444296143199916
2015-01-01,0.24837,-0.62138,2.57,17.79,98.1,6.1885693483800575,6.037274231848588,-1.8850987432675104,7.742233362397166
2015-02-01,0.29192,-0.57783,2.53,19.43,95.4,9.385351490614635,6.459689534301449,0.5703727506426892,7.735325906895607
2015-03-01,0.29462,-0.57513,2.5,13.04,93.0,6.710192237939805,6.102093750835635,-5.672559569561875,7.834982258229406
2015-04-01,0.13717,-0.82315,2.54,15.11,95.9,7.709170624771655,5.980113636363638,-11.788039817378937,7.994648268365712
2015-05-01,0.44906,-0.51126,2.69,12.7,90.7,7.080610021786482,5.618572626561336,-7.782909930715931,8.040465736551084
2015-06-01,0.58273,-0.37758,2.77,13.97,96.1,3.296703296703285,5.463074395846679,-6.866019417475733,7.8870823975052184
2015-07-01,0.48537,-0.40324,2.88,16.09,93.1,1.8252018252018276,5.339907679395739,-7.6303651004612565,7.422121341664756
2015-08-01,0.31937,-0.56924,3.02,12.56,91.9,-0.035385704175516786,5.506652126499456,-13.806254767353165,7.526420720867644
2015-09-01,0.2729,-0.61571,3.17,31.4,87.2,-5.738278516445061,5.659918113302664,-13.77314814814815,7.351273440661243
2015-10-01,0.15647,-0.63086,3.27,22.55,90.0,1.0454217736121318,5.4294968689267975,-9.226670971908291,7.643805681546234
2015-11-01,0.26257,-0.52476,3.2,14.15,91.3,-1.6712141882674003,5.846860959528999,-5.169734151329242,7.841333627723079
2015-12-01,0.16849,-0.61884,3.22,14.67,92.6,-3.3197831978319825,5.698219947188066,-7.702116806936998,7.6429136264454245
2016-01-01,-0.05502,-0.9445,3.36,20.7,92.0,-8.776139869729182,6.083740499457124,-11.145304832404557,7.3536007520832225
2016-02-01,-0.44257,-1.33205,3.56,19.98,91.7,-11.204576043068638,5.649442279263539,-12.341241313203932,7.174106498282029
2016-03-01,-0.25243,-1.1419,3.24,17.7,91.0,-5.2005438477226384,6.093063501264306,-2.2245762711864403,7.058732984520133
2016-04-01,-0.34665,-1.26173,2.98,13.1,89.0,-3.324287652645863,6.453558504221957,5.744103173256421,7.11880640049618
2016-05-01,-0.44456,-1.35964,2.87,14.68,94.7,-4.238724991522547,6.76974508984538,3.7064863511144353,7.192022254070651
2016-06-01,-0.62221,-1.53729,2.89,14.2,93.5,-2.539464653397394,6.911774505230883,5.0287715786840215,7.246992653779061
2016-07-01,-0.67014,-1.62024,2.72,14.77,90.0,1.1030679076180494,6.975566842611958,8.032162505289886,7.735626622268632
2016-08-01,-0.74873,-1.69883,2.68,12.44,89.8,4.8141592920353915,7.278169625507491,18.345132743362825,7.486649029753378
2016-09-01,-0.64112,-1.59122,2.68,13.48,91.2,8.982925018559751,7.235001809984554,20.008948545861283,7.843769113797738
2016-10-01,-0.44456,-1.35624,2.62,13.57,87.2,3.9243667499108126,7.384832174076883,17.919075144508678,7.907024404600982
2016-11-01,-0.00542,-0.9171,2.57,18.56,93.8,2.25459590704129,7.184387070542786,9.255585266971455,7.273039618770416
2016-12-01,0.29288,-0.61881,2.34,14.07,98.2,7.182901191310442,6.932013873729659,13.843603205305332,6.45632143810384
2017-01-01,0.17979,-0.74744,2.23,12.85,98.5,15.708380308154823,6.354549816088273,7.778713844425744,6.1819723883638655
2017-02-01,0.18465,-0.74258,2.22,11.81,96.3,19.09814323607426,6.273552654592862,8.67505011846179,5.883580272429234
2017-03-01,0.43415,-0.49308,2.2,12.54,96.9,14.34205808533524,6.332251167946801,2.8752396033002725,5.241661258287289
2017-04-01,0.40343,-0.47472,2.27,12.38,97.0,11.122807017543867,6.111898016997164,-1.2196100457353753,4.83706362075722
2017-05-01,0.56291,-0.31525,2.25,10.11,97.1,13.668555240793223,5.962426614481409,1.8755534089994308,4.509688896486441
2017-06-01,0.49088,-0.38727,2.18,9.89,95.0,14.647887323943664,5.633638219299741,-1.1434016198189734,3.9771093782071443
2017-07-01,0.64304,-0.26613,2.07,11.22,93.4,11.899079440845561,5.630076727930033,-1.2613600752115484,3.6513665303745446
2017-08-01,0.55476,-0.35441,2.1,10.09,96.8,10.469436001350907,5.400843231410768,-7.560008973304411,3.5361636802470064
2017-09-01,0.60461,-0.30456,2.1,10.13,95.1,12.295640326975477,5.284559083027718,-4.384460517485644,3.2576837231433675
2017-10-01,0.60036,-0.48882,1.96,9.45,100.7,15.962924819773438,5.148197596795723,-0.8295625942684737,3.1913921848566007
2017-11-01,0.61239,-0.47679,1.92,10.2,98.5,15.909090909090917,4.809195053486071,1.018474656560886,3.3909141333863024
2017-12-01,0.62983,-0.45935,1.82,11.43,95.9,14.48185681595293,4.897135209925829,3.74595469255663,3.9284247844356024
2018-01-01,0.68873,-0.52808,1.68,9.77,95.7,17.992854822994488,4.3794687497650475,9.544901858606902,3.8126485218848094
2018-02-01,0.9823,-0.23452,1.65,13.47,99.7,11.1358574610245,4.129480149319598,11.663592151601554,3.5233948771303814
2018-03-01,0.71722,-0.4996,1.8,22.47,101.4,8.748824082784568,4.075599276177133,7.8661697990926704,3.5095539839473
2018-04-01,0.71936,-0.47056,1.8,23.62,98.8,6.567729712661818,3.7761314675150315,7.602956705385444,3.747605754965422
2018-05-01,0.707,-0.48291,1.85,15.49,98.0,6.0436137071651075,3.7889589043119676,5.459860935524663,3.6234528024790436
2018-06-01,0.66448,-0.52543,1.92,13.46,98.2,5.835380835380821,4.066821551056532,4.658634538152606,4.195413135363513
2018-07-01,0.6224,-0.49993,1.9,15.6,97.9,5.819622181596573,3.883837419392755,1.690073791954294,4.157309375109808
2018-08-01,0.76911,-0.35323,1.88,13.15,96.2,7.826352797309699,3.7975516651309604,0.18605403656366537,4.024544977539923
2018-09-01,0.80232,-0.32001,1.88,13.16,100.1,7.734303912647866,3.6894265102382917,-6.316774545738124,3.926710059773164
2018-10-01,1.02359,-0.04147,1.92,12.0,98.6,0.029603315571335997,3.3310840715990775,-8.859315589353612,3.6983789343543183
2018-11-01,0.90462,-0.16044,2.1,19.34,97.5,-3.7752414398595224,3.2276744674228475,-5.009769441187961,3.723950059458514
2018-12-01,0.58147,-0.48359,2.3,16.44,98.3,-11.993146773272423,3.6673442027418623,-4.780472588317863,4.203586167911499
2019-01-01,0.53057,-0.55114,2.41,23.22,91.2,-14.86374896779521,4.054540739887047,-1.0623959406960926,4.850958394733262
2019-02-01,0.53891,-0.5428,2.27,16.14,93.8,-7.787002576581736,4.036840933092911,-2.9961703086280767,5.147113861774866
2019-03-01,0.50344,-0.57827,2.27,13.57,98.4,-6.978085351787778,3.9367487120778533,-0.8561772437101101,5.403734877748967
2019-04-01,0.43866,-0.72808,2.17,13.4,97.2,-2.5777777777777677,4.006031199308269,-1.7966331999697993,5.355792285331518
2019-05-01,0.42757,-0.73917,2.23,14.8,100.0,-6.198589894242068,4.290513608928359,-3.611298419120401,5.6529559077601155
2019-06-01,-0.0046,-1.17134,2.39,18.86,98.2,-7.167730702263498,4.688197648459602,-1.4581734458940954,5.576377498705631
2019-07-01,-0.1057,-1.39513,2.22,14.06,98.4,-5.643535847970038,5.014776374768459,6.039325842696641,5.659767897922485
2019-08-01,-0.69114,-1.98056,2.24,17.87,89.8,-11.000850581230514,5.219143434855833,14.089624545821566,6.190631040836658
2019-09-01,-0.63001,-1.91943,2.21,19.66,93.2,-9.994369369369382,5.636960356447607,24.76483809206693,6.661015494178835
2019-10-01,-0.62781,-1.90011,2.21,18.56,95.5,-6.599585676235575,6.501467552347373,26.099290780141835,6.611563786667318
2019-11-01,-0.5447,-1.81699,2.13,12.3,96.8,-0.6690997566910162,7.125126220127909,22.98831660358729,6.700818978307321
2019-12-01,-0.4306,-1.70289,2.02,14.91,99.3,7.754704737183649,6.712277335113259,20.3931203931204,6.011890104289819
2020-01-01,-0.52174,-1.80088,2.01,12.47,99.8,9.666989977368257,6.719460615667883,18.27870822982609,5.3156485887716265
2020-02-01,-0.86766,-2.1468,2.11,17.97,101.0,4.439615026389321,6.807446896666014,20.81591577643598,5.454784509487487
2020-03-01,-1.22774,-2.50688,3.42,33.42,89.1,-15.747055176689395,10.10312401040876,20.983258844026963,8.590524278882029
2020-04-01,-0.77093,-2.01898,3.47,57.06,71.8,-13.59489051094891,16.842213748325264,22.36912906449382,10.849478681768998
2020-05-01,-0.54846,-1.7965,3.28,37.19,72.3,-6.201064829314129,21.846250443613346,30.81228138359893,10.902024869278693
2020-06-01,-0.45368,-1.70173,2.91,28.23,78.1,-1.1878712097530442,22.81232652287528,33.6760124610592,10.311841370357634
2020-07-01,-0.9407,-2.2573,2.69,28.62,72.5,-0.9765028989929814,23.189820581007847,27.461368653421637,10.244419197596644
2020-08-01,-1.07239,-2.389,2.62,24.28,74.1,8.856323669958588,22.96396981526243,30.452937013446558,9.70465193283292
2020-09-01,-1.03906,-2.35567,2.68,26.12,80.4,5.7866750078198415,23.718349588195366,31.345076060848687,9.14098669135952
2020-10-01,-0.84641,-2.14235,2.65,26.7,81.8,8.71356147021547,23.629782492599215,27.188513200555818,8.850894335480874
2020-11-01,-0.79938,-2.09532,2.43,37.13,76.9,9.032455603184331,24.233974170152315,27.127374899652136,8.688444449984756
2020-12-01,-0.69431,-1.99025,2.23,20.77,80.7,11.502559470039152,24.662496742246542,26.768707482993204,8.50522809503611
2021-01-01,-0.30724,-1.72578,2.16,26.97,79.0,11.556603773584918,25.5753463753827,25.74525745257452,8.763447751207387
2021-02-01,-0.01389,-1.43243,2.16,30.24,76.8,14.387633769322218,26.70007111915691,19.625808931889544,9.107334466591022
2021-03-01,-0.03723,-1.45577,2.13,23.35,84.9,41.28035320088299,23.94427840788307,13.217707094108079,6.421083117810689
2021-04-01,-1.32524,-2.78281,1.97,17.33,88.3,41.56986976416754,18.557786167072422,7.9339154469501905,4.32412117143679
2021-05-01,-2.16468,-3.62225,2.0,18.31,82.9,33.58931552587645,14.435345648447907,4.682393487432401,4.650026632090043
2021-06-01,-2.90319,-4.36076,1.92,17.9,85.5,27.016766845934836,12.853685829414996,7.970170123514331,4.974928706735904
2021-07-01,-2.88735,-4.31647,1.92,15.48,81.2,26.163328197226488,12.734725106569034,5.9115575568641,5.09322182005123
2021-08-01,-2.66863,-4.09775,1.96,19.46,70.3,21.422300263388937,13.323132381849568,-1.9638691477241954,5.589694356827679
2021-09-01,-2.64364,-4.07276,1.86,16.11,72.8,21.437019515079836,12.812019401395958,-9.37722239154729,6.108177221876687
2021-10-01,-3.00326,-4.69283,1.77,21.15,71.7,18.449431652579417,12.751115922629364,-7.538237436270945,7.249805317985514
2021-11-01,-3.41442,-5.10399,1.72,16.41,67.4,18.084807638303847,12.317233167010034,-6.493711519233802,7.9348087725597205
2021-12-01,-4.03416,-5.72372,1.84,31.12,70.6,12.66540642722116,12.218552045658848,-2.3235846525355486,9.048110392795582
2022-01-01,-4.29844,-5.71723,1.82,16.6,67.2,6.210359408033805,11.506376648398465,-3.733836206896546,9.702338961427781
2022-02-01,-4.52552,-5.9443,2.04,21.96,62.8,-0.28586278586278935,10.656386024177532,-2.68880557043385,9.435165248361542
2022-03-01,-4.35031,-5.76909,2.16,33.32,59.4,-3.020833333333328,9.574038762270831,2.6601039707996765,9.528440405192452
2022-04-01,-3.40731,-4.60591,1.91,19.63,65.2,-8.503232222774749,7.877807922942992,13.362821557443837,9.677706540637597
2022-05-01,-3.11981,-4.31841,2.22,32.34,58.4,-16.79580104973757,6.16770922048302,9.774649486291654,9.488828536477211
2022-06-01,-2.76797,-3.96657,2.13,25.69,50.0,-21.494396014943963,5.714871854988779,-0.26440751133175455,9.962693606597606
2022-07-01,-3.00047,-4.28855,2.31,26.7,51.5,-23.155837811431358,4.913177107067024,-0.04360623569170663,10.136430510568339
2022-08-01,-3.39379,-4.68187,2.25,22.84,58.2,-19.78790069896361,3.8244197780020306,-3.9123457473299705,9.933315592551795
2022-09-01,-3.1129,-4.40098,2.17,25.56,58.6,-25.493060628195764,2.5830346247711855,-1.0257847533632236,9.241918149515428
2022-10-01,-2.31578,-3.56399,2.28,30.1,59.9,-27.780511811023622,1.3347649025886588,-5.305800934001015,8.12115920538683
2022-11-01,-2.07484,-3.32304,2.18,25.81,56.7,-26.872770511296075,0.1937439015236686,-6.325623276492776,7.318171187337508
2022-12-01,-2.06401,-3.31222,1.97,19.84,59.8,-26.462128475551296,-1.1732103767873037,-5.147785957587081,6.745437629498019
2023-01-01,-2.00907,-3.1936,1.97,22.9,64.9,-23.637720826076137,-1.769558953644046,0.5596910505401009,5.876774301826138
2023-02-01,-1.74546,-2.92999,1.84,17.87,66.9,-18.373729476153233,-2.3080470371224293,4.502421840598858,5.478843046936355
2023-03-01,-1.90282,-3.08735,2.05,20.58,62.0,-18.770139634801296,-3.8906511120420872,-0.09696708506168328,3.927453958205618
2023-04-01,-2.05375,-3.10455,2.07,18.55,63.7,-15.353260869565212,-4.690574712643681,-1.8020330629427983,2.5393532851126777
2023-05-01,-1.76627,-2.81708,2.2,16.08,59.0,-6.458395914689097,-4.100835842089001,3.438647293034802,1.7088519475631836
2023-06-01,-1.10767,-2.15848,2.0,15.65,64.2,2.823604060913687,-3.974513581821293,7.67732510956014,0.7040632258662471
2023-07-01,-0.80347,-1.78511,1.84,13.57,71.5,6.26191989828353,-4.018168628157692,5.949394699531041,0.06268079735025633
2023-08-01,-0.23485,-1.2165,1.85,13.93,69.4,-1.5024038461538436,-3.9802100255011075,12.237963602856494,-0.3363502751312031
2023-09-01,0.24464,-0.73701,1.78,13.09,67.8,5.326797385620896,-3.720070070767756,8.738743840969576,-0.41740176849822674
2023-10-01,0.77436,-0.09059,1.83,17.61,63.8,5.996592844974447,-3.440453686200373,13.90374331550801,-0.5098307281279024
2023-11-01,0.48523,-0.37972,1.79,16.87,61.3,5.528455284552858,-3.0962491981964657,14.929408230699902,-0.7628230858815366
2023-12-01,0.10636,-0.75859,1.62,12.63,69.7,10.788787483702755,-2.43978302567025,14.989863886475518,-0.9385705947532186
2024-01-01,0.19327,-0.69745,1.62,13.2,79.0,12.805474095796665,-2.0381697028573065,12.945956475761111,-0.7535962362021253
2024-02-01,0.44212,-0.4486,1.56,13.88,76.9,13.92081736909323,-1.5265878354457363,7.131570630991257,-0.7060533152411952
2024-03-01,0.39547,-0.49525,1.54,13.11,79.4,20.46280991735536,0.11927458062290786,9.096791588029118,0.5351412361348284
2024-04-01,0.91639,0.0586,1.46,13.65,77.2,14.799357945425351,0.978784165790314,12.82480263501855,1.1002015275380472
2024-05-01,1.08949,0.23169,1.47,15.39,69.1,16.987797045600516,0.9446570390169828,16.751649670065973,1.4707796864987577
2024-06-01,1.04944,0.19165,1.51,13.11,68.2,15.797593335390324,1.3612283293315874,18.184102100291422,2.2400181021899446
